<?xml version="1.0" encoding="UTF-8"?>
<project-private xmlns="http://www.netbeans.org/ns/project-private/1">
    <editor-bookmarks xmlns="http://www.netbeans.org/ns/editor-bookmarks/2" lastBookmarkId="0"/>
    <open-files xmlns="http://www.netbeans.org/ns/projectui-open-files/2">
        <group>
            <file>file:/C:/wamp64/www/euro/src/Ecommerce/EcommerceBundle/Resources/views/Default/contact.html.twig</file>
            <file>file:/C:/wamp64/www/euro/src/Ecommerce/EcommerceBundle/Resources/views/Default/one_prod_home.html.twig</file>
            <file>file:/C:/wamp64/www/euro/src/Ecommerce/EcommerceBundle/Resources/views/layout.html.twig</file>
            <file>file:/C:/wamp64/www/euro/src/Ecommerce/EcommerceBundle/Resources/views/layout_admin.html.twig</file>
            <file>file:/C:/wamp64/www/euro/web/ressources/js/script.js</file>
            <file>file:/C:/wamp64/www/euro/web/ressources/css/style.css</file>
            <file>file:/C:/wamp64/www/euro/src/Ecommerce/EcommerceBundle/Resources/views/Default/index.html.twig</file>
        </group>
    </open-files>
</project-private>
